from,to,cost
S1,W1,10.000000
S2,W2,9.000000
W1,C2,8.000000
W2,C1,6.000000
